109, 233, 80
174, 186, 231
27, 18, 18
72, 60, 50
192, 192, 192
154, 87, 163
67, 171, 116
67, 56, 158
246, 95, 226
210, 4, 45
252, 64, 130
82, 42, 45
197, 253, 122
9, 66, 129
122, 252, 160
121, 203, 205
227, 11, 92
137, 93, 173
19, 70, 187
7, 167, 1
154, 244, 208
61, 17, 73
242, 34, 8
26, 44, 214
118, 163, 57
91, 67, 233
111, 143, 175
226, 76, 141
198, 37, 148
233, 115, 148
97, 206, 227
86, 60, 13
105, 185, 248
219, 133, 193
237, 81, 42
142, 16, 168
154, 123, 2
79, 41, 131
233, 87, 83
232, 108, 81
162, 176, 17
173, 195, 72
255, 229, 137
54, 12, 144
105, 87, 130
99, 56, 67
133, 146, 29
83, 136, 171
122, 98, 68
176, 42, 23
67, 103, 5
149, 182, 24
116, 14, 38
38, 62, 52
112, 36, 164
127, 255, 212
8, 177, 210
216, 48, 21
20, 52, 164
119, 172, 170
2, 12, 77
75, 65, 59
238, 75, 43
24, 160, 92
46, 123, 143
146, 216, 57
124, 141, 146
143, 251, 147
172, 103, 241
144, 100, 34
61, 95, 211
244, 187, 68
234, 165, 114
106, 18, 87
46, 5, 74
247, 106, 231
64, 181, 173
74, 62, 245
49, 240, 163
107, 147, 11
116, 17, 35
154, 227, 208
228, 105, 5
227, 18, 74
34, 139, 34
124, 117, 129
40, 168, 109
54, 156, 117
252, 39, 186
69, 75, 27
7, 10, 169
60, 42, 135
121, 10, 244
233, 60, 9
96, 9, 66
144, 66, 148
49, 16, 142
212, 151, 228
185, 117, 234
32, 243, 67
93, 13, 60
206, 4, 226
158, 146, 197
95, 158, 160
216, 199, 149
127, 0, 255
250, 218, 94
167, 199, 231
91, 148, 142
90, 57, 40
15, 146, 30
143, 157, 82
251, 45, 127
175, 62, 133
104, 1, 96
184, 205, 161
106, 52, 87
250, 51, 96
218, 212, 228
152, 133, 88
25, 227, 132
191, 38, 106
125, 249, 255
1, 150, 34
247, 119, 98
26, 110, 213
163, 156, 11
88, 210, 252
189, 63, 186
180, 196, 36
40, 251, 98
80, 4, 211
20, 65, 140
238, 119, 188
138, 101, 59
17, 139, 162
196, 108, 91
33, 164, 5
240, 177, 231
212, 169, 10
93, 244, 104
106, 150, 233
135, 170, 21
177, 124, 49
92, 53, 237
89, 156, 1
128, 65, 157
252, 178, 194
204, 173, 242
225, 87, 181
139, 94, 100
194, 204, 166
254, 176, 12
184, 173, 91
136, 137, 83
8, 252, 122
99, 77, 148
115, 12, 242
248, 178, 195
86, 137, 198
65, 105, 225
121, 58, 28
91, 13, 221
133, 30, 35
71, 87, 89
40, 94, 191
119, 73, 107
147, 24, 162
225, 5, 206
94, 230, 121
47, 130, 183
145, 117, 197
190, 82, 36
255, 16, 240
74, 4, 4
216, 208, 197
100, 220, 88
110, 192, 248
11, 218, 81
129, 103, 239
81, 125, 151
164, 208, 161
131, 66, 112
68, 237, 200
227, 150, 62
184, 23, 176
255, 116, 106
92, 81, 208
189, 172, 233
255, 255, 0
59, 22, 27
0, 158, 96
75, 60, 22
121, 72, 120
160, 211, 237
169, 130, 159
2, 3, 241
22, 178, 142
53, 190, 32
225, 3, 21
137, 27, 233
238, 220, 130
86, 61, 218
202, 2, 86
238, 218, 212
255, 245, 238
68, 119, 184
168, 220, 162
27, 126, 209
138, 63, 196
9, 20, 218
75, 203, 148
29, 207, 1
98, 96, 95
194, 141, 163
191, 158, 186
95, 24, 222
194, 182, 203
64, 241, 220
248, 222, 126
15, 163, 119
161, 214, 198
255, 0, 255
20, 69, 52
32, 167, 82
172, 173, 5
54, 23, 225
214, 155, 124
165, 94, 34
186, 36, 129
65, 39, 181
255, 192, 203
131, 67, 47
252, 212, 92
24, 173, 30
200, 118, 106
236, 93, 48
166, 69, 206
126, 131, 131
128, 125, 215
156, 169, 2
235, 107, 132
167, 166, 46
4, 179, 38
105, 6, 206
168, 179, 71
153, 12, 88
134, 80, 99
200, 160, 217
125, 134, 109
175, 225, 175
252, 139, 101
139, 76, 202
215, 142, 4
0, 71, 171
54, 225, 235
120, 244, 203
118, 89, 120
212, 67, 47
124, 252, 0
23, 117, 123
255, 117, 24
168, 33, 75
92, 82, 218
36, 103, 31
64, 224, 208
14, 36, 229
233, 141, 139
30, 123, 5
242, 136, 144
27, 12, 137
139, 19, 39
79, 149, 146
155, 180, 165
240, 230, 140
0, 255, 255
197, 1, 84
143, 25, 112
191, 208, 168
23, 100, 128
240, 201, 205
30, 174, 54
67, 238, 168
33, 37, 186
252, 185, 126
90, 91, 123
207, 3, 63
198, 162, 178
226, 253, 98
142, 205, 212
97, 33, 204
53, 57, 53
124, 101, 217
136, 74, 35
10, 198, 58
154, 42, 42
12, 193, 247
112, 128, 144
162, 160, 42
173, 216, 230
178, 251, 93
105, 105, 229
131, 3, 138
142, 229, 63
81, 108, 35
224, 17, 95
20, 251, 45
22, 55, 47
249, 32, 53
192, 65, 89
68, 244, 135
88, 96, 121
255, 127, 80
154, 207, 233
248, 74, 118
206, 196, 240
163, 145, 240
254, 5, 235
214, 123, 118
38, 51, 206
54, 231, 152
13, 167, 177
90, 215, 132
77, 197, 90
165, 34, 60
6, 213, 134
165, 189, 90
95, 212, 255
84, 209, 210
0, 163, 108
241, 119, 85
3, 33, 49
38, 209, 174
141, 66, 58
98, 110, 207
134, 128, 196
145, 56, 49
165, 176, 6
165, 193, 70
154, 158, 179
252, 26, 13
182, 251, 163
185, 231, 145
255, 253, 208
193, 183, 71
181, 197, 14
75, 139, 116
7, 21, 58
135, 123, 165
124, 13, 237
78, 100, 32
89, 27, 58
226, 208, 243
200, 115, 200
143, 178, 110
8, 228, 154
211, 109, 120
108, 137, 154
78, 37, 10
157, 201, 179
18, 44, 128
52, 104, 68
84, 36, 89
62, 103, 105
113, 22, 53
0, 161, 109
158, 13, 219
162, 17, 100
158, 149, 152
141, 203, 235
240, 23, 75
49, 146, 139
199, 88, 40
92, 208, 206
94, 241, 116
80, 41, 235
54, 34, 149
189, 84, 71
108, 211, 229
137, 148, 153
192, 64, 0
138, 154, 91
145, 115, 106
68, 117, 54
245, 245, 220
171, 213, 158
1, 142, 42
49, 220, 194
167, 60, 54
208, 78, 182
174, 140, 2
255, 222, 173
54, 81, 185
78, 156, 59
243, 93, 139
228, 92, 78
162, 214, 58
225, 59, 215
17, 188, 77
158, 56, 189
3, 193, 189
186, 178, 1
215, 11, 207
50, 82, 250
12, 111, 238
240, 234, 214
150, 236, 194
192, 199, 168
167, 177, 188
179, 250, 246
116, 235, 8
68, 225, 47
7, 220, 137
119, 62, 75
210, 36, 11
57, 252, 127
201, 27, 137
13, 181, 89
120, 171, 56
235, 211, 11
85, 38, 154
96, 84, 196
127, 246, 104
133, 167, 14
63, 0, 255
129, 19, 49
136, 195, 203
8, 243, 170
0, 198, 163
171, 248, 254
99, 143, 144
167, 68, 218
206, 57, 236
219, 197, 122
148, 104, 86
209, 173, 23
186, 59, 23
163, 205, 40
135, 136, 30
197, 255, 229
201, 204, 63
0, 234, 252
128, 175, 254
170, 51, 106
34, 54, 243
220, 20, 60
167, 113, 149
162, 224, 154
249, 181, 217
49, 162, 131
215, 224, 208
156, 218, 20
29, 147, 133
173, 57, 243
233, 185, 133
53, 125, 146
171, 235, 218
38, 229, 116
66, 47, 129
181, 91, 29
147, 221, 243
201, 103, 20
255, 192, 0
90, 5, 34
171, 99, 48
118, 127, 243
24, 240, 198
89, 241, 213
172, 200, 232
89, 211, 19
239, 229, 137
17, 172, 247
129, 65, 65
244, 146, 193
14, 118, 82
23, 169, 106
179, 66, 235
45, 74, 189
126, 221, 133
79, 119, 213
238, 129, 235
184, 115, 51
72, 90, 83
113, 81, 136
48, 96, 72
171, 236, 72
31, 66, 143
20, 31, 197
48, 185, 237
170, 245, 231
5, 245, 118
40, 53, 31
186, 33, 67
2, 48, 32
147, 75, 45
103, 137, 102
86, 94, 195
90, 63, 216
192, 195, 124
255, 215, 0
243, 14, 147
86, 130, 56
55, 27, 138
232, 80, 110
50, 202, 201
175, 72, 142
189, 38, 222
84, 10, 53
66, 154, 19
184, 3, 66
251, 236, 93
41, 152, 232
252, 129, 105
8, 54, 104
255, 85, 177
95, 160, 173
24, 242, 220
255, 0, 255
159, 43, 104
31, 81, 255
49, 91, 177
132, 16, 165
140, 49, 216
223, 40, 53
218, 31, 147
204, 184, 218
201, 58, 35
247, 146, 234
136, 116, 143
152, 0, 55
142, 12, 79
9, 56, 181
83, 10, 189
123, 212, 213
50, 250, 218
23, 201, 152
177, 240, 12
59, 0, 122
206, 154, 80
45, 159, 19
204, 88, 1
146, 28, 114
114, 47, 89
110, 9, 167
139, 0, 0
181, 193, 40
6, 6, 6
146, 104, 20
164, 190, 223
11, 227, 169
181, 167, 46
0, 0, 255
216, 31, 9
8, 24, 168
61, 185, 16
190, 34, 63
197, 72, 181
33, 193, 141
99, 106, 92
148, 64, 122
168, 212, 166
253, 54, 193
192, 92, 123
163, 60, 136
218, 134, 137
247, 192, 75
161, 249, 214
119, 233, 56
168, 81, 147
8, 78, 173
24, 114, 214
0, 150, 255
150, 222, 209
255, 2, 87
119, 223, 78
77, 85, 88
112, 5, 48
49, 114, 113
43, 111, 3
12, 107, 8
60, 184, 89
143, 239, 55
77, 74, 172
250, 119, 200
255, 170, 51
82, 249, 164
15, 82, 186
236, 167, 141
241, 234, 240
210, 13, 210
56, 47, 118
110, 184, 72
134, 204, 121
152, 10, 127
255, 0, 0
185, 44, 162
96, 130, 182
189, 181, 213
64, 130, 109
123, 24, 24
105, 139, 219
255, 255, 240
93, 63, 128
250, 213, 165
99, 105, 136
125, 28, 96
85, 152, 142
242, 99, 188
123, 47, 127
239, 69, 45
137, 207, 240
79, 121, 66
96, 82, 203
149, 201, 17
166, 248, 249
135, 206, 235
191, 103, 226
154, 131, 97
164, 11, 183
110, 54, 255
103, 108, 231
226, 44, 225
178, 85, 123
2, 103, 103
239, 180, 232
192, 20, 224
95, 107, 10
188, 182, 82
135, 103, 123
171, 41, 18
49, 49, 11
187, 101, 198
252, 245, 95
36, 212, 243
54, 69, 79
235, 199, 65
154, 142, 234
50, 226, 249
64, 125, 208
237, 234, 222
113, 60, 96
242, 4, 239
159, 20, 80
245, 156, 60
109, 208, 131
16, 28, 190
253, 114, 190
46, 84, 245
35, 70, 6
182, 102, 228
128, 0, 128
109, 157, 145
195, 244, 56
5, 75, 50
245, 16, 43
20, 68, 55
194, 57, 21
214, 97, 20
49, 29, 211
11, 156, 132
254, 155, 15
105, 226, 150
2, 251, 181
42, 229, 85
172, 18, 184
41, 145, 1
16, 235, 13
79, 100, 157
202, 192, 240
228, 207, 170
179, 81, 13
35, 196, 169
159, 39, 126
246, 125, 35
222, 190, 47
242, 133, 125
255, 248, 221
102, 40, 210
63, 218, 155
245, 210, 13
49, 127, 13
179, 46, 185
149, 248, 55
82, 5, 183
212, 114, 143
69, 153, 117
34, 231, 2
138, 246, 24
242, 126, 177
95, 133, 117
196, 180, 84
134, 228, 21
35, 224, 58
49, 156, 204
152, 104, 104
217, 72, 110
218, 150, 117
54, 233, 17
108, 141, 27
101, 230, 252
117, 198, 233
207, 159, 255
37, 156, 7
48, 167, 98
235, 31, 18
51, 193, 173
254, 15, 179
191, 189, 182
82, 83, 79
39, 91, 176
247, 142, 106
67, 43, 30
219, 94, 16
72, 195, 200
70, 238, 37
204, 119, 34
247, 99, 123
189, 95, 148
152, 251, 152
2, 8, 51
84, 132, 166
81, 13, 199
65, 101, 44
222, 49, 99
72, 145, 236
8, 158, 70
137, 59, 149
56, 196, 138
176, 30, 150
49, 81, 155
74, 157, 72
203, 145, 3
249, 172, 121
199, 238, 219
76, 187, 23
135, 228, 113
138, 63, 42
8, 221, 15
54, 165, 37
205, 24, 110
144, 154, 236
108, 202, 168
190, 53, 178
217, 3, 142
92, 33, 0
225, 112, 65
254, 35, 58
153, 24, 32
162, 220, 6
95, 149, 176
242, 94, 157
171, 148, 166
142, 210, 75
13, 105, 39
19, 212, 72
204, 128, 97
128, 0, 0
13, 5, 226
237, 190, 214
150, 150, 93
123, 121, 48
255, 68, 51
24, 121, 193
219, 33, 169
44, 116, 116
195, 164, 152
176, 142, 8
86, 104, 89
96, 32, 0
119, 136, 130
80, 12, 188
182, 17, 19
169, 239, 45
229, 163, 98
112, 61, 189
184, 120, 185
117, 50, 192
244, 155, 88
142, 95, 37
152, 178, 175
115, 224, 41
142, 114, 178
156, 47, 243
39, 203, 110
144, 134, 5
50, 126, 245
109, 18, 17
142, 37, 172
0, 0, 128
211, 113, 50
80, 140, 47
174, 27, 18
105, 210, 64
196, 63, 133
26, 125, 82
197, 79, 195
201, 213, 74
54, 119, 10
206, 189, 210
201, 204, 199
184, 103, 118
1, 21, 36
249, 246, 238
114, 188, 204
50, 222, 132
214, 9, 14
102, 180, 71
222, 45, 9
92, 39, 41
83, 171, 96
136, 86, 64
241, 32, 188
45, 105, 27
95, 57, 195
106, 210, 229
255, 0, 0
112, 223, 254
232, 225, 32
20, 29, 32
107, 250, 73
232, 132, 217
19, 39, 233
16, 186, 171
50, 132, 129
186, 58, 69
57, 117, 193
225, 197, 51
130, 144, 8
52, 50, 80
124, 148, 118
220, 168, 52
219, 160, 134
121, 76, 6
59, 222, 98
154, 185, 174
230, 167, 58
128, 70, 27
143, 206, 111
43, 32, 55
129, 30, 16
169, 92, 104
185, 18, 157
55, 196, 239
43, 196, 229
222, 105, 12
36, 246, 21
152, 177, 81
183, 113, 133
203, 195, 227
200, 215, 90
136, 8, 8
10, 187, 225
114, 138, 158
144, 247, 65
132, 136, 132
135, 19, 165
138, 82, 30
67, 33, 24
177, 41, 88
196, 108, 94
78, 27, 133
205, 127, 50
243, 108, 44
113, 253, 64
218, 240, 28
202, 250, 48
124, 2, 165
169, 151, 101
225, 143, 137
59, 183, 176
182, 99, 197
123, 65, 200
141, 112, 212
154, 107, 132
99, 91, 224
79, 220, 86
17, 183, 37
151, 163, 85
192, 130, 192
14, 203, 33
179, 135, 133
102, 46, 150
4, 4, 205
107, 76, 170
159, 48, 24
157, 158, 242
56, 191, 43
1, 173, 111
96, 200, 122
105, 222, 1
90, 116, 254
197, 22, 96
54, 255, 162
15, 82, 186
219, 204, 81
0, 0, 255
193, 225, 193
191, 15, 233
48, 42, 214
129, 147, 11
65, 125, 183
234, 156, 65
70, 130, 180
31, 235, 77
150, 121, 105
208, 49, 24
171, 105, 59
102, 213, 49
51, 230, 51
167, 153, 112
26, 177, 23
48, 50, 186
89, 119, 17
59, 178, 70
1, 137, 172
40, 121, 85
228, 237, 241
164, 248, 7
49, 29, 142
59, 180, 194
75, 156, 67
236, 97, 227
52, 214, 156
149, 164, 37
97, 51, 209
170, 255, 0
124, 135, 34
171, 193, 35
207, 70, 106
180, 43, 96
58, 4, 191
83, 80, 40
110, 181, 48
93, 145, 58
22, 217, 163
204, 6, 116
99, 99, 32
25, 92, 93
133, 218, 75
243, 163, 199
88, 138, 185
53, 26, 82
197, 187, 164
63, 240, 37
80, 195, 141
103, 184, 55
77, 51, 207
94, 63, 173
0, 174, 176
157, 31, 61
91, 246, 89
123, 184, 193
115, 232, 99
66, 180, 80
230, 148, 83
129, 182, 178
110, 38, 14
9, 250, 160
176, 250, 127
124, 126, 121
31, 121, 82
187, 58, 164
150, 130, 187
209, 96, 233
237, 145, 33
26, 147, 213
9, 65, 16
14, 61, 22
250, 249, 246
209, 90, 192
40, 37, 125
99, 3, 48
28, 153, 10
254, 146, 245
188, 234, 73
28, 140, 45
56, 47, 83
194, 93, 6
70, 185, 29
237, 84, 246
255, 191, 0
144, 20, 182
164, 205, 206
242, 68, 163
49, 178, 33
15, 255, 80
123, 63, 0
103, 93, 231
13, 190, 239
199, 198, 16
99, 29, 95
4, 55, 242
184, 163, 196
174, 24, 1
115, 94, 176
14, 15, 121
123, 121, 67
80, 133, 167
126, 162, 154
176, 237, 215
84, 61, 159
214, 167, 78
135, 29, 109
62, 253, 36
191, 13, 155
113, 176, 236
187, 234, 93
168, 22, 15
79, 153, 206
20, 159, 77
208, 123, 39
24, 145, 114
188, 103, 106
250, 176, 20
248, 163, 78
172, 71, 109
226, 223, 210
204, 4, 209
157, 115, 94
153, 14, 94
171, 176, 195
23, 59, 217
231, 97, 127
113, 65, 71
229, 133, 188
14, 217, 203
156, 21, 230
206, 193, 97
225, 239, 91
108, 15, 232
168, 239, 89
219, 190, 207
0, 255, 0
164, 42, 4
115, 147, 179
230, 230, 250
231, 214, 141
128, 128, 128
171, 172, 150
208, 253, 49
224, 176, 255
103, 102, 185
99, 153, 125
77, 3, 191
75, 59, 162
238, 200, 64
255, 26, 159
227, 66, 52
19, 56, 67
248, 22, 214
109, 154, 220
167, 31, 197
57, 211, 198
175, 133, 89
250, 92, 114
50, 140, 156
132, 54, 167
255, 255, 53
193, 154, 107
146, 24, 239
61, 70, 83
79, 158, 114
99, 184, 209
47, 25, 73
255, 213, 128
235, 150, 138
244, 248, 215
128, 128, 0
34, 126, 127
118, 183, 179
253, 126, 76
55, 57, 86
92, 201, 64
246, 90, 161
244, 212, 140
127, 241, 173
252, 66, 37
37, 254, 159
205, 138, 139
173, 47, 108
188, 21, 5
210, 79, 95
142, 113, 119
56, 25, 215
128, 210, 91
26, 3, 156
45, 243, 86
44, 64, 215
211, 212, 241
123, 109, 3
41, 146, 71
248, 152, 128
255, 69, 0
47, 46, 218
88, 136, 104
53, 54, 71
83, 59, 97
25, 151, 123
157, 110, 89
34, 209, 12
67, 139, 38
15, 177, 80
127, 102, 40
51, 61, 102
3, 3, 5
131, 38, 45
212, 94, 34
227, 83, 53
243, 58, 106
0, 175, 97
50, 222, 132
250, 171, 72
240, 201, 33
150, 3, 128
93, 94, 116
250, 227, 41
122, 169, 111
204, 85, 0
52, 26, 212
133, 245, 79
92, 64, 51
52, 124, 144
34, 149, 51
128, 164, 173
250, 200, 152
190, 245, 10
54, 12, 91
141, 239, 80
85, 66, 17
232, 121, 121
60, 79, 224
92, 8, 209
93, 93, 29
49, 70, 162
99, 177, 104
169, 47, 134
229, 170, 112
180, 15, 250
251, 199, 238
47, 63, 11
251, 201, 81
243, 243, 243
49, 107, 112
69, 241, 167
125, 119, 188
15, 102, 181
83, 147, 113
1, 168, 91
89, 226, 170
196, 207, 98
113, 121, 126
92, 50, 16
239, 165, 254
250, 57, 29
9, 85, 250
255, 200, 124
228, 117, 215
94, 136, 46
236, 18, 156
204, 72, 206
25, 255, 110
250, 50, 118
194, 152, 127
130, 100, 216
68, 201, 195
206, 230, 43
113, 181, 159
10, 121, 93
171, 91, 15
94, 28, 254
236, 69, 97
170, 150, 65
155, 63, 138
80, 54, 54
255, 172, 28
55, 113, 14
250, 95, 85
109, 135, 169
207, 252, 23
130, 42, 20
227, 127, 79
34, 73, 72
125, 24, 93
116, 248, 7
125, 184, 82
229, 232, 20
143, 46, 14
88, 4, 210
42, 254, 242
170, 163, 202
141, 168, 49
40, 94, 176
204, 204, 255
146, 255, 127
96, 109, 186
18, 185, 118
138, 51, 31
193, 167, 189
154, 211, 34
70, 250, 70
17, 166, 120
98, 112, 161
221, 58, 6
61, 170, 96
11, 237, 142
157, 171, 139
203, 110, 191
233, 116, 81
159, 43, 104
166, 71, 250
73, 45, 238
105, 32, 165
248, 103, 124
11, 77, 88
85, 118, 100
89, 27, 211
8, 150, 146
194, 30, 86
209, 224, 81
106, 231, 238
5, 225, 96
217, 78, 131
215, 0, 64
109, 182, 141
179, 76, 200
94, 231, 204
91, 159, 217
167, 180, 161
197, 164, 210
88, 72, 43
237, 199, 140
0, 255, 0
236, 115, 97
239, 12, 31
147, 249, 41
165, 49, 145
192, 66, 15
55, 30, 84
86, 223, 143
223, 127, 115
218, 112, 214
7, 54, 58
218, 165, 32
191, 135, 241
226, 111, 6
211, 179, 112
48, 25, 52
15, 122, 142
225, 193, 110
173, 176, 141
251, 14, 156
147, 122, 8
165, 42, 42
78, 14, 108
79, 252, 98
3, 128, 186
162, 72, 160
248, 174, 168
71, 43, 237
158, 59, 6
43, 138, 163
255, 229, 180
124, 48, 48
217, 64, 163
194, 178, 128
255, 49, 49
57, 189, 143
187, 243, 138
67, 6, 101
57, 82, 128
185, 217, 204
19, 30, 105
139, 193, 54
255, 165, 0
229, 228, 226
166, 251, 214
171, 23, 94
42, 184, 175
47, 186, 183
234, 221, 202
159, 226, 191
142, 230, 132
40, 40, 106
168, 231, 100
232, 33, 39
208, 34, 136
225, 2, 3
166, 77, 5
224, 17, 95
16, 154, 136
204, 104, 74
156, 236, 166
206, 45, 206
74, 175, 157
121, 151, 52
82, 206, 75
167, 155, 209
195, 132, 130
150, 200, 187
245, 186, 206
23, 54, 150
86, 152, 184
41, 58, 54
67, 30, 103
50, 205, 50
53, 70, 173
46, 139, 87
53, 227, 30
255, 195, 36
4, 241, 15
223, 7, 1
245, 32, 198
18, 58, 188
139, 64, 0
164, 74, 30
23, 130, 0
33, 245, 56
253, 125, 121
102, 75, 145
9, 116, 12
15, 178, 81
96, 8, 0
137, 38, 97
27, 59, 239
143, 188, 71
255, 182, 193
86, 15, 29
200, 243, 34
41, 236, 99
54, 102, 102
34, 224, 61
30, 96, 28
89, 216, 249
57, 131, 90
123, 106, 183
199, 135, 206
49, 218, 67
251, 206, 177
93, 162, 167
125, 191, 229
86, 6, 90
173, 248, 208
49, 12, 251
167, 72, 26
2, 78, 207
84, 84, 159
174, 154, 182
231, 181, 248
115, 163, 29
114, 213, 215
80, 163, 36
204, 192, 14
74, 192, 38
103, 80, 165
179, 83, 135
188, 177, 36
251, 124, 30
158, 54, 240
255, 95, 31
238, 164, 192
163, 56, 154
228, 155, 15
151, 39, 108
26, 69, 198
80, 205, 146
210, 120, 247
74, 122, 205
3, 145, 7
85, 73, 119
11, 136, 178
26, 88, 40
114, 47, 55
65, 206, 29
179, 122, 175
194, 178, 128
200, 225, 38
135, 31, 207
186, 134, 103
119, 146, 227
4, 247, 199
126, 0, 132
84, 209, 97
44, 245, 178
128, 168, 48
153, 102, 204
0, 0, 0
211, 97, 112
241, 222, 10
237, 241, 178
93, 38, 223
127, 255, 212
232, 65, 78
223, 159, 49
177, 148, 75
142, 137, 223
16, 179, 153
131, 67, 51
24, 19, 204
213, 13, 215
36, 42, 184
222, 159, 69
13, 86, 121
252, 90, 141
117, 255, 200
1, 97, 63
55, 69, 161
204, 51, 159
69, 250, 121
216, 112, 49
242, 210, 189
139, 69, 19
247, 215, 149
230, 208, 165
72, 33, 74
134, 64, 94
255, 2, 63
154, 107, 35
90, 106, 17
193, 61, 206
54, 232, 197
69, 147, 79
204, 10, 242
6, 3, 231
126, 255, 202
61, 9, 50
61, 202, 80
171, 26, 209
12, 221, 195
11, 201, 57
132, 169, 31
148, 43, 86
112, 41, 99
209, 192, 255
78, 169, 129
241, 203, 252
85, 124, 159
54, 200, 238
52, 83, 98
16, 102, 112
7, 71, 98
168, 161, 3
144, 238, 144
180, 179, 229
243, 194, 131
64, 116, 228
199, 52, 246
16, 14, 0
36, 175, 0
98, 0, 107
129, 43, 10
212, 159, 33
66, 50, 34
252, 245, 229
54, 152, 131
14, 128, 202
83, 100, 8
5, 145, 106
201, 187, 111
224, 5, 87
150, 105, 25
149, 253, 125
225, 3, 180
40, 73, 53
255, 36, 0
85, 96, 105
208, 196, 20
12, 127, 217
27, 206, 99
35, 113, 10
57, 241, 96
191, 253, 50
254, 74, 43
1, 73, 78
234, 52, 28
95, 83, 60
255, 255, 255
174, 211, 77
79, 113, 34
245, 244, 53
114, 203, 84
84, 87, 102
177, 177, 2
111, 78, 55
182, 243, 184
120, 219, 94
78, 133, 29
168, 188, 240
155, 100, 157
38, 198, 206
86, 35, 192
181, 235, 0
168, 26, 32
44, 42, 228
24, 45, 170
55, 12, 250
195, 160, 169
110, 109, 97
31, 197, 92
50, 236, 41
85, 97, 165
179, 53, 35
252, 238, 177
179, 16, 119
121, 118, 146
235, 154, 170
72, 240, 114
227, 252, 167
97, 231, 191
253, 218, 13
164, 0, 91
69, 72, 126
123, 175, 124
224, 38, 203
39, 79, 38
50, 50, 205
80, 55, 72
240, 255, 255
237, 234, 222
80, 54, 22
115, 98, 96
30, 235, 242
107, 161, 202
232, 198, 111
90, 235, 237
144, 134, 232
120, 190, 41
138, 251, 248
1, 144, 160
251, 80, 207
179, 96, 25
15, 113, 230
61, 183, 125
118, 242, 79
55, 198, 122
253, 215, 228
24, 188, 106
82, 147, 236
69, 241, 11
255, 0, 255
183, 196, 35
93, 53, 82
210, 21, 144
210, 180, 140
56, 40, 137
81, 65, 79
245, 222, 179
163, 249, 167
111, 45, 168
50, 208, 25
191, 64, 191
106, 28, 55
215, 13, 199
10, 188, 225
40, 40, 43
120, 38, 200
100, 149, 237
196, 63, 9
82, 25, 129
169, 169, 169
1, 151, 251
210, 126, 241
227, 115, 131
77, 184, 13
240, 128, 0
227, 115, 94
117, 224, 204
137, 200, 74
202, 226, 23
157, 110, 237
17, 137, 196
104, 182, 100
182, 77, 196
183, 31, 215
28, 24, 187
203, 213, 247
255, 248, 220
100, 30, 253
208, 170, 184
144, 254, 224
52, 52, 52
15, 146, 245
53, 94, 59
255, 95, 21
60, 30, 200
69, 136, 42
134, 15, 29
201, 182, 97
64, 191, 226
101, 155, 240
102, 4, 29
103, 30, 116
141, 252, 103
190, 212, 169
164, 46, 198
194, 245, 228
221, 203, 22
122, 230, 114
0, 3, 86
76, 102, 118
118, 41, 119
226, 217, 237
218, 160, 109
255, 55, 115
113, 33, 105
122, 69, 61
40, 29, 89
141, 221, 190
11, 129, 113
218, 188, 47
141, 246, 85
140, 148, 42
214, 135, 38
62, 221, 226
79, 91, 138
183, 239, 236
69, 182, 175
13, 129, 156
248, 131, 121
211, 170, 49
166, 138, 221
155, 118, 102
255, 191, 0
6, 104, 143
69, 211, 61
47, 94, 238
239, 43, 17
8, 55, 32
72, 90, 168
50, 205, 50
178, 190, 181
103, 56, 90
89, 134, 23
178, 252, 96
250, 160, 160
170, 67, 252
224, 191, 184
42, 56, 53
193, 154, 107
170, 152, 169
0, 255, 255
92, 252, 191
198, 41, 181
46, 169, 241
4, 151, 7
152, 111, 130
255, 152, 206
168, 26, 152
30, 154, 68
123, 151, 30
237, 106, 145
0, 0, 0
181, 129, 192
254, 150, 240
36, 107, 173
125, 12, 156
199, 1, 161
50, 38, 217
86, 230, 4
8, 143, 143
157, 117, 252
249, 76, 133
244, 196, 48
250, 155, 183
213, 114, 54
228, 208, 10
29, 16, 16
182, 195, 194
203, 32, 37
34, 71, 158
142, 53, 136
129, 180, 154
164, 8, 217
157, 160, 52
86, 174, 219
54, 255, 216
239, 187, 195
210, 125, 45
129, 133, 137
76, 205, 217
208, 35, 142
53, 138, 71
112, 147, 52
88, 73, 65
80, 121, 166
255, 219, 88
147, 127, 8
140, 176, 228
206, 20, 13
4, 176, 74
187, 61, 101
144, 170, 61
175, 226, 160
231, 212, 227
17, 235, 237
165, 42, 42
112, 179, 201
131, 44, 226
148, 91, 92
179, 77, 139
52, 169, 105
139, 123, 49
3, 52, 14
75, 13, 9
134, 159, 51
238, 13, 61
211, 98, 247
177, 187, 62
93, 238, 115
75, 72, 68
124, 152, 174
250, 209, 40
16, 71, 99
155, 60, 63
58, 68, 144
193, 89, 149
161, 19, 30
202, 114, 140
139, 228, 99
76, 109, 37
75, 164, 90
165, 142, 35
93, 188, 63
103, 70, 108
55, 199, 193
219, 191, 153
160, 82, 45
234, 141, 238
128, 93, 253
134, 104, 17
67, 49, 113
22, 77, 110
167, 157, 15
9, 121, 105
69, 75, 27
80, 97, 164
119, 134, 40
160, 46, 236
200, 73, 128
20, 174, 27
199, 79, 236
213, 236, 6
107, 146, 195
82, 186, 156
81, 121, 186
153, 162, 85
214, 12, 37
207, 35, 131
202, 32, 179
46, 40, 204
73, 61, 9
154, 34, 250
181, 95, 229
47, 89, 78
192, 182, 35
228, 89, 5
211, 13, 146
62, 35, 156
123, 233, 206
127, 204, 51
134, 24, 91
139, 128, 0
86, 78, 203
98, 14, 69
77, 236, 149
223, 255, 0
166, 116, 130
44, 86, 74
12, 8, 23
158, 31, 207
146, 21, 195
178, 190, 181
22, 159, 98
211, 211, 211
191, 253, 96
50, 165, 57
94, 73, 44
247, 138, 126
57, 104, 168
245, 7, 39
92, 92, 142
103, 6, 1
201, 169, 166
176, 113, 218
195, 165, 254
104, 167, 181
170, 132, 43
148, 56, 131
99, 119, 91
159, 124, 115
255, 234, 0
242, 41, 198
124, 186, 151
17, 160, 115
160, 61, 196
238, 18, 95
117, 29, 182
17, 26, 221
151, 176, 44
82, 193, 178
47, 230, 165
242, 146, 90
247, 82, 140
242, 140, 40
140, 1, 140
152, 86, 41
135, 10, 101
34, 171, 92
205, 77, 182
166, 26, 29
111, 22, 199
118, 213, 1
255, 255, 143
158, 175, 61
57, 211, 6
64, 70, 176
109, 56, 126
234, 255, 233
82, 86, 162
37, 247, 183
209, 233, 7
15, 249, 99
17, 64, 1
165, 170, 156
217, 0, 58
235, 14, 169
96, 153, 166
40, 214, 57
233, 219, 69
120, 252, 130
210, 43, 43
255, 255, 255
11, 244, 83
58, 76, 152
147, 220, 122
64, 165, 244
18, 56, 71
200, 42, 40
128, 0, 32
225, 48, 59
41, 185, 6
113, 72, 97
196, 255, 54
187, 187, 152
145, 31, 38
179, 56, 82
248, 200, 220
154, 49, 164
181, 189, 227
250, 128, 114
145, 253, 36
255, 255, 0
68, 34, 19
234, 232, 75
131, 152, 111
222, 176, 173
121, 41, 63
92, 28, 185
66, 4, 194
76, 204, 61
23, 144, 54
49, 230, 57
137, 159, 134
145, 182, 87
166, 57, 145
243, 207, 198
224, 12, 246
80, 170, 127
61, 238, 73
21, 43, 250
97, 242, 218
103, 24, 3
119, 7, 55
237, 191, 67
217, 40, 154
115, 94, 77
196, 30, 58
198, 136, 240
44, 232, 18
80, 200, 120
189, 218, 74
242, 131, 47
220, 124, 159
230, 30, 26
138, 154, 91
233, 220, 201
40, 253, 157
111, 132, 91
114, 95, 123
169, 69, 39
244, 187, 68
61, 96, 39
93, 54, 94
0, 255, 127
161, 212, 42
234, 210, 166
197, 50, 235
165, 173, 205
149, 53, 83
210, 109, 94
41, 1, 201
172, 220, 104
202, 9, 75
204, 40, 29
134, 13, 107
185, 212, 70
236, 255, 220
4, 126, 149
93, 63, 211
163, 110, 88
134, 194, 233
0, 217, 33
124, 196, 79
139, 169, 57
173, 27, 222
207, 52, 136
118, 105, 128
103, 49, 71
85, 138, 14
17, 215, 21
87, 85, 37
242, 87, 205
195, 178, 167
250, 250, 51
12, 64, 205
166, 193, 93
236, 88, 0
194, 246, 36
138, 56, 38
0, 0, 139
211, 210, 219
165, 54, 25
216, 72, 77
166, 207, 24
57, 235, 121
16, 68, 146
187, 51, 3
61, 194, 79
230, 254, 206
216, 191, 216
25, 54, 99
150, 187, 142
177, 139, 17
105, 54, 83
16, 82, 177
31, 37, 234
50, 18, 156
50, 90, 59
42, 228, 163
117, 188, 161
35, 48, 98
224, 69, 255
78, 87, 169
82, 7, 208
202, 14, 96
174, 188, 104
103, 55, 83
158, 41, 182
56, 0, 158
223, 52, 99
93, 12, 138
201, 34, 159
238, 116, 143
236, 174, 121
195, 192, 175
25, 25, 112
149, 69, 53
115, 82, 219
55, 17, 199
132, 223, 42
57, 77, 184
176, 183, 188
99, 42, 229
195, 177, 225
145, 56, 138
196, 164, 132
19, 254, 138
43, 196, 191
126, 146, 35
190, 58, 102
184, 85, 121
0, 128, 128
255, 250, 160
42, 246, 245
234, 221, 202
107, 125, 99
5, 248, 6
247, 215, 102
129, 211, 144
173, 46, 96
161, 71, 250
169, 68, 251
243, 229, 171
197, 150, 205
127, 184, 165
77, 160, 74
23, 177, 70
160, 137, 2
145, 95, 109
96, 97, 83
147, 197, 114
